-- MySQL import generated from local SQLite database
-- Source: database/database.sqlite
SET FOREIGN_KEY_CHECKS=0;

DELETE FROM `project_process_histories`;
DELETE FROM `project_process_comments`;
DELETE FROM `project_process_checklists`;
DELETE FROM `project_process_connections`;
DELETE FROM `project_processes`;
DELETE FROM `projects`;
DELETE FROM `master_flow_step_checklists`;
DELETE FROM `master_flow_connections`;
DELETE FROM `master_flow_steps`;
DELETE FROM `master_flows`;
DELETE FROM `users`;
DELETE FROM `roles`;

INSERT INTO `roles` (`id`, `code`, `name`, `description`, `is_active`, `is_system`, `created_at`, `updated_at`) VALUES (1, 'admin', 'Administrator', 'Akses penuh ke seluruh fitur aplikasi termasuk master flow, role, dan user management.', 1, 1, '2026-06-05 04:05:02', '2026-06-05 04:05:02');
INSERT INTO `roles` (`id`, `code`, `name`, `description`, `is_active`, `is_system`, `created_at`, `updated_at`) VALUES (2, 'user', 'User', 'Akses operasional untuk melihat dashboard project dan memperbarui proses sesuai izin.', 1, 1, '2026-06-05 04:05:02', '2026-06-05 05:38:25');
INSERT INTO `roles` (`id`, `code`, `name`, `description`, `is_active`, `is_system`, `created_at`, `updated_at`) VALUES (3, 'sales', 'SALES', 'Akses semua menu pekerjaan di bawah sales', 1, 0, '2026-06-05 04:07:37', '2026-06-05 04:07:37');
INSERT INTO `roles` (`id`, `code`, `name`, `description`, `is_active`, `is_system`, `created_at`, `updated_at`) VALUES (4, 'ctp', 'CTP', 'Akses menu dan proses CTP', 1, 0, '2026-06-05 04:08:22', '2026-06-05 04:08:22');
INSERT INTO `roles` (`id`, `code`, `name`, `description`, `is_active`, `is_system`, `created_at`, `updated_at`) VALUES (5, 'pm', 'PM', 'Akses menu dan proses PM', 1, 0, '2026-06-05 04:08:44', '2026-06-05 04:08:44');
INSERT INTO `roles` (`id`, `code`, `name`, `description`, `is_active`, `is_system`, `created_at`, `updated_at`) VALUES (6, 'pe', 'PE', 'Project Engineering Akses menu dan proses PE', 1, 0, '2026-06-05 04:09:19', '2026-06-05 04:09:19');
INSERT INTO `roles` (`id`, `code`, `name`, `description`, `is_active`, `is_system`, `created_at`, `updated_at`) VALUES (7, 'scc1', 'SCC BERKAH', 'Akses menu dan proses SCC Berkah', 1, 0, '2026-06-05 04:09:51', '2026-06-05 04:09:51');
INSERT INTO `roles` (`id`, `code`, `name`, `description`, `is_active`, `is_system`, `created_at`, `updated_at`) VALUES (8, 'scc2', 'SCC BINA', 'Akses menu dan proses SCC Bina', 1, 0, '2026-06-05 04:10:22', '2026-06-05 04:10:22');
INSERT INTO `roles` (`id`, `code`, `name`, `description`, `is_active`, `is_system`, `created_at`, `updated_at`) VALUES (9, 'docon', 'DOCON', 'Document Control Akses menu dan proses docon', 1, 0, '2026-06-05 04:17:56', '2026-06-05 04:17:56');
INSERT INTO `roles` (`id`, `code`, `name`, `description`, `is_active`, `is_system`, `created_at`, `updated_at`) VALUES (10, 'eng1', 'ENGINEERING', 'Akses menu dan proses Engineering', 1, 0, '2026-06-05 04:19:46', '2026-06-05 04:19:46');
INSERT INTO `roles` (`id`, `code`, `name`, `description`, `is_active`, `is_system`, `created_at`, `updated_at`) VALUES (11, 'pfm', 'PFM', 'Akses menu dan proses PFM', 1, 0, '2026-06-05 04:21:17', '2026-06-05 04:21:17');
INSERT INTO `roles` (`id`, `code`, `name`, `description`, `is_active`, `is_system`, `created_at`, `updated_at`) VALUES (12, 'sales1', 'SALES BINA', 'Akses menu dan proses Sales Bina', 1, 0, '2026-06-05 04:22:00', '2026-06-05 04:22:00');
INSERT INTO `roles` (`id`, `code`, `name`, `description`, `is_active`, `is_system`, `created_at`, `updated_at`) VALUES (13, 'pur2', 'PURCHASING BINA', 'Akses menu dan proses Purchasing Bina', 1, 0, '2026-06-05 04:22:30', '2026-06-05 04:22:30');
INSERT INTO `roles` (`id`, `code`, `name`, `description`, `is_active`, `is_system`, `created_at`, `updated_at`) VALUES (14, 'manager', 'Manager', 'Akses mengelola project dan memantau progress, tanpa hak kelola role dan user.', 1, 1, '2026-06-05 04:56:33', '2026-06-05 05:38:21');
INSERT INTO `roles` (`id`, `code`, `name`, `description`, `is_active`, `is_system`, `created_at`, `updated_at`) VALUES (15, 'viewer', 'Viewer', 'Akses lihat dashboard dan detail progress tanpa hak edit proses.', 1, 1, '2026-06-05 04:56:33', '2026-06-05 05:15:40');
INSERT INTO `roles` (`id`, `code`, `name`, `description`, `is_active`, `is_system`, `created_at`, `updated_at`) VALUES (16, 'ceo', 'CEO', NULL, 1, 0, '2026-06-05 05:17:40', '2026-06-05 05:17:40');
INSERT INTO `roles` (`id`, `code`, `name`, `description`, `is_active`, `is_system`, `created_at`, `updated_at`) VALUES (17, 'pd', 'PD', NULL, 1, 0, '2026-06-05 05:17:48', '2026-06-05 05:17:48');

INSERT INTO `users` (`id`, `name`, `email`, `email_verified_at`, `password`, `remember_token`, `created_at`, `updated_at`, `role`, `is_active`, `approved_at`, `approved_by`) VALUES (1, 'Administrator', 'admin@project-control.local', NULL, '$2y$12$xj.z0sxzI7Cqj2z4pwrE/ePe0P.6gKtvqtXE43YqPThtJSyGTz35y', NULL, '2026-06-04 14:15:37', '2026-06-05 04:56:33', 'admin', 1, '2026-06-05 04:56:33', NULL);
INSERT INTO `users` (`id`, `name`, `email`, `email_verified_at`, `password`, `remember_token`, `created_at`, `updated_at`, `role`, `is_active`, `approved_at`, `approved_by`) VALUES (2, 'Project User', 'user@project-control.local', NULL, '$2y$12$DYDRI6P1leO2o.yX.Sy2wu5FY34d9bRLOwH48yshoWpLIDSYiYHKi', NULL, '2026-06-04 14:15:38', '2026-06-05 04:56:34', 'user', 1, '2026-06-05 04:56:33', NULL);

INSERT INTO `master_flows` (`id`, `name`, `description`, `is_active`, `created_at`, `updated_at`) VALUES (2, 'BCP Projects Flow', 'Flow Project BCP-Group', 1, '2026-06-04 14:25:43', '2026-06-04 14:25:43');

INSERT INTO `master_flow_steps` (`id`, `master_flow_id`, `code`, `name`, `position_x`, `position_y`, `sort_order`, `created_at`, `updated_at`, `allowed_role_codes`) VALUES (19, 2, '001', 'CLIENT', 7.6, 25.4, 1, '2026-06-04 14:39:31', '2026-06-05 05:30:06', '["sales"]');
INSERT INTO `master_flow_steps` (`id`, `master_flow_id`, `code`, `name`, `position_x`, `position_y`, `sort_order`, `created_at`, `updated_at`, `allowed_role_codes`) VALUES (20, 2, '002', 'SALES', 24.9, 25.6, 2, '2026-06-04 14:40:09', '2026-06-05 05:31:12', '["sales"]');
INSERT INTO `master_flow_steps` (`id`, `master_flow_id`, `code`, `name`, `position_x`, `position_y`, `sort_order`, `created_at`, `updated_at`, `allowed_role_codes`) VALUES (21, 2, '003', 'KOM INTERNAL', 43.9, 25.6, 3, '2026-06-04 14:41:08', '2026-06-05 05:31:31', '["pm"]');
INSERT INTO `master_flow_steps` (`id`, `master_flow_id`, `code`, `name`, `position_x`, `position_y`, `sort_order`, `created_at`, `updated_at`, `allowed_role_codes`) VALUES (22, 2, '004', 'CTP', 24.8, 7.2, 4, '2026-06-04 14:42:07', '2026-06-05 05:31:47', '["ctp"]');
INSERT INTO `master_flow_steps` (`id`, `master_flow_id`, `code`, `name`, `position_x`, `position_y`, `sort_order`, `created_at`, `updated_at`, `allowed_role_codes`) VALUES (23, 2, '005', 'ENGINEERING', 44, 44.2, 5, '2026-06-04 14:46:45', '2026-06-05 05:32:13', '["eng1","pe"]');
INSERT INTO `master_flow_steps` (`id`, `master_flow_id`, `code`, `name`, `position_x`, `position_y`, `sort_order`, `created_at`, `updated_at`, `allowed_role_codes`) VALUES (24, 2, '006', 'SCC', 44, 6.9, 6, '2026-06-04 14:48:52', '2026-06-05 05:32:28', '["scc1"]');
INSERT INTO `master_flow_steps` (`id`, `master_flow_id`, `code`, `name`, `position_x`, `position_y`, `sort_order`, `created_at`, `updated_at`, `allowed_role_codes`) VALUES (25, 2, '007', 'PM', 62.1, 25.6, 7, '2026-06-04 14:49:37', '2026-06-05 05:32:40', '["ceo","pd","pm"]');
INSERT INTO `master_flow_steps` (`id`, `master_flow_id`, `code`, `name`, `position_x`, `position_y`, `sort_order`, `created_at`, `updated_at`, `allowed_role_codes`) VALUES (26, 2, '008', 'DOCON', 62.6, 44, 8, '2026-06-04 14:52:00', '2026-06-05 05:33:01', '["ceo","docon","pd"]');
INSERT INTO `master_flow_steps` (`id`, `master_flow_id`, `code`, `name`, `position_x`, `position_y`, `sort_order`, `created_at`, `updated_at`, `allowed_role_codes`) VALUES (27, 2, '009', 'CLIENT', 62.6, 61, 9, '2026-06-04 14:54:56', '2026-06-05 05:33:43', '["ceo","docon","pd"]');
INSERT INTO `master_flow_steps` (`id`, `master_flow_id`, `code`, `name`, `position_x`, `position_y`, `sort_order`, `created_at`, `updated_at`, `allowed_role_codes`) VALUES (28, 2, '010', 'KOM EXTERNAL', 44.4, 61.3, 10, '2026-06-04 14:55:57', '2026-06-05 05:33:59', '["ceo","pd","pe","pm"]');
INSERT INTO `master_flow_steps` (`id`, `master_flow_id`, `code`, `name`, `position_x`, `position_y`, `sort_order`, `created_at`, `updated_at`, `allowed_role_codes`) VALUES (29, 2, '011', 'ENGINEERING', 25.6, 61.4, 11, '2026-06-04 14:58:54', '2026-06-05 05:34:09', '["ceo","eng1","pe"]');
INSERT INTO `master_flow_steps` (`id`, `master_flow_id`, `code`, `name`, `position_x`, `position_y`, `sort_order`, `created_at`, `updated_at`, `allowed_role_codes`) VALUES (30, 2, '012', 'DOCON', 8, 61.9, 12, '2026-06-04 14:59:37', '2026-06-05 05:34:20', '["ceo","docon","pd"]');
INSERT INTO `master_flow_steps` (`id`, `master_flow_id`, `code`, `name`, `position_x`, `position_y`, `sort_order`, `created_at`, `updated_at`, `allowed_role_codes`) VALUES (31, 2, '013', 'PFM - BINA', 8.2, 82, 13, '2026-06-04 15:03:26', '2026-06-05 05:34:38', '["pfm"]');
INSERT INTO `master_flow_steps` (`id`, `master_flow_id`, `code`, `name`, `position_x`, `position_y`, `sort_order`, `created_at`, `updated_at`, `allowed_role_codes`) VALUES (32, 2, '014', 'SCC-BINA', 25.8, 82.2, 14, '2026-06-04 15:05:03', '2026-06-05 05:34:47', '["scc2"]');
INSERT INTO `master_flow_steps` (`id`, `master_flow_id`, `code`, `name`, `position_x`, `position_y`, `sort_order`, `created_at`, `updated_at`, `allowed_role_codes`) VALUES (33, 2, '016', 'PURCHASING', 44.7, 76, 15, '2026-06-04 15:06:03', '2026-06-05 05:35:40', '["pfm","pur2"]');
INSERT INTO `master_flow_steps` (`id`, `master_flow_id`, `code`, `name`, `position_x`, `position_y`, `sort_order`, `created_at`, `updated_at`, `allowed_role_codes`) VALUES (34, 2, '017', 'FABRICATION', 44.8, 90, 16, '2026-06-04 15:11:46', '2026-06-05 05:35:52', '["pfm"]');
INSERT INTO `master_flow_steps` (`id`, `master_flow_id`, `code`, `name`, `position_x`, `position_y`, `sort_order`, `created_at`, `updated_at`, `allowed_role_codes`) VALUES (35, 2, '08', 'ASSEMBLING', 63, 90, 17, '2026-06-04 15:14:00', '2026-06-05 05:36:02', '["pfm"]');
INSERT INTO `master_flow_steps` (`id`, `master_flow_id`, `code`, `name`, `position_x`, `position_y`, `sort_order`, `created_at`, `updated_at`, `allowed_role_codes`) VALUES (36, 2, '019', 'QC', 63.1, 73.8, 18, '2026-06-04 15:17:46', '2026-06-05 05:36:12', '["pfm"]');
INSERT INTO `master_flow_steps` (`id`, `master_flow_id`, `code`, `name`, `position_x`, `position_y`, `sort_order`, `created_at`, `updated_at`, `allowed_role_codes`) VALUES (37, 2, '020', 'PACKING - SHIPMENT', 83.5, 81.8, 19, '2026-06-04 15:19:08', '2026-06-05 05:36:21', '["pfm"]');
INSERT INTO `master_flow_steps` (`id`, `master_flow_id`, `code`, `name`, `position_x`, `position_y`, `sort_order`, `created_at`, `updated_at`, `allowed_role_codes`) VALUES (38, 2, '021', 'SCC', 62.1, 6.9, 20, '2026-06-04 15:21:53', '2026-06-05 05:36:35', '["scc1"]');
INSERT INTO `master_flow_steps` (`id`, `master_flow_id`, `code`, `name`, `position_x`, `position_y`, `sort_order`, `created_at`, `updated_at`, `allowed_role_codes`) VALUES (39, 2, '022', 'PURCHASING', 84.4, 7, 21, '2026-06-04 15:23:43', '2026-06-05 05:37:03', '["pur2"]');
INSERT INTO `master_flow_steps` (`id`, `master_flow_id`, `code`, `name`, `position_x`, `position_y`, `sort_order`, `created_at`, `updated_at`, `allowed_role_codes`) VALUES (40, 2, '023', 'BINA', 84.4, 25.9, 22, '2026-06-04 15:24:55', '2026-06-05 05:37:19', '["pfm","sales1"]');
INSERT INTO `master_flow_steps` (`id`, `master_flow_id`, `code`, `name`, `position_x`, `position_y`, `sort_order`, `created_at`, `updated_at`, `allowed_role_codes`) VALUES (41, 2, '024', 'BINA PROSES PO', 84.4, 44.5, 23, '2026-06-04 15:25:44', '2026-06-05 05:37:31', '["pfm","pur2"]');
INSERT INTO `master_flow_steps` (`id`, `master_flow_id`, `code`, `name`, `position_x`, `position_y`, `sort_order`, `created_at`, `updated_at`, `allowed_role_codes`) VALUES (42, 2, '025', 'PURCHASING - BINA', 84.4, 62.6, 24, '2026-06-04 15:26:45', '2026-06-05 05:37:43', '["pfm","pur2"]');

INSERT INTO `master_flow_connections` (`id`, `master_flow_id`, `from_step_id`, `to_step_id`, `created_at`, `updated_at`, `bend_x`, `bend_y`, `start_x`, `start_y`, `end_x`, `end_y`, `mid2_x`, `mid2_y`) VALUES (21, 2, 19, 20, '2026-06-04 14:43:03', '2026-06-05 03:15:14', NULL, NULL, NULL, NULL, NULL, NULL, NULL, NULL);
INSERT INTO `master_flow_connections` (`id`, `master_flow_id`, `from_step_id`, `to_step_id`, `created_at`, `updated_at`, `bend_x`, `bend_y`, `start_x`, `start_y`, `end_x`, `end_y`, `mid2_x`, `mid2_y`) VALUES (22, 2, 20, 21, '2026-06-04 14:43:17', '2026-06-05 03:15:14', NULL, NULL, NULL, NULL, NULL, NULL, NULL, NULL);
INSERT INTO `master_flow_connections` (`id`, `master_flow_id`, `from_step_id`, `to_step_id`, `created_at`, `updated_at`, `bend_x`, `bend_y`, `start_x`, `start_y`, `end_x`, `end_y`, `mid2_x`, `mid2_y`) VALUES (24, 2, 21, 23, '2026-06-04 14:47:37', '2026-06-05 03:15:14', NULL, NULL, NULL, NULL, NULL, NULL, NULL, NULL);
INSERT INTO `master_flow_connections` (`id`, `master_flow_id`, `from_step_id`, `to_step_id`, `created_at`, `updated_at`, `bend_x`, `bend_y`, `start_x`, `start_y`, `end_x`, `end_y`, `mid2_x`, `mid2_y`) VALUES (25, 2, 21, 24, '2026-06-04 14:52:25', '2026-06-05 03:15:14', NULL, NULL, NULL, NULL, NULL, NULL, NULL, NULL);
INSERT INTO `master_flow_connections` (`id`, `master_flow_id`, `from_step_id`, `to_step_id`, `created_at`, `updated_at`, `bend_x`, `bend_y`, `start_x`, `start_y`, `end_x`, `end_y`, `mid2_x`, `mid2_y`) VALUES (26, 2, 21, 25, '2026-06-04 14:53:17', '2026-06-05 03:15:14', NULL, NULL, 51, 31.3, 55, 31.1, NULL, NULL);
INSERT INTO `master_flow_connections` (`id`, `master_flow_id`, `from_step_id`, `to_step_id`, `created_at`, `updated_at`, `bend_x`, `bend_y`, `start_x`, `start_y`, `end_x`, `end_y`, `mid2_x`, `mid2_y`) VALUES (27, 2, 25, 26, '2026-06-04 14:53:36', '2026-06-05 03:15:14', NULL, NULL, NULL, NULL, NULL, NULL, NULL, NULL);
INSERT INTO `master_flow_connections` (`id`, `master_flow_id`, `from_step_id`, `to_step_id`, `created_at`, `updated_at`, `bend_x`, `bend_y`, `start_x`, `start_y`, `end_x`, `end_y`, `mid2_x`, `mid2_y`) VALUES (28, 2, 23, 26, '2026-06-04 14:53:52', '2026-06-05 03:15:14', NULL, NULL, NULL, NULL, 55.5, 49.9, NULL, NULL);
INSERT INTO `master_flow_connections` (`id`, `master_flow_id`, `from_step_id`, `to_step_id`, `created_at`, `updated_at`, `bend_x`, `bend_y`, `start_x`, `start_y`, `end_x`, `end_y`, `mid2_x`, `mid2_y`) VALUES (29, 2, 26, 27, '2026-06-04 14:56:41', '2026-06-05 03:15:14', NULL, NULL, NULL, NULL, NULL, NULL, NULL, NULL);
INSERT INTO `master_flow_connections` (`id`, `master_flow_id`, `from_step_id`, `to_step_id`, `created_at`, `updated_at`, `bend_x`, `bend_y`, `start_x`, `start_y`, `end_x`, `end_y`, `mid2_x`, `mid2_y`) VALUES (30, 2, 27, 28, '2026-06-04 14:56:56', '2026-06-05 03:15:14', NULL, NULL, NULL, NULL, NULL, NULL, NULL, NULL);
INSERT INTO `master_flow_connections` (`id`, `master_flow_id`, `from_step_id`, `to_step_id`, `created_at`, `updated_at`, `bend_x`, `bend_y`, `start_x`, `start_y`, `end_x`, `end_y`, `mid2_x`, `mid2_y`) VALUES (31, 2, 28, 29, '2026-06-04 15:00:49', '2026-06-05 03:15:14', NULL, NULL, NULL, NULL, NULL, NULL, NULL, NULL);
INSERT INTO `master_flow_connections` (`id`, `master_flow_id`, `from_step_id`, `to_step_id`, `created_at`, `updated_at`, `bend_x`, `bend_y`, `start_x`, `start_y`, `end_x`, `end_y`, `mid2_x`, `mid2_y`) VALUES (32, 2, 29, 30, '2026-06-04 15:01:04', '2026-06-05 03:15:14', NULL, NULL, NULL, NULL, NULL, NULL, NULL, NULL);
INSERT INTO `master_flow_connections` (`id`, `master_flow_id`, `from_step_id`, `to_step_id`, `created_at`, `updated_at`, `bend_x`, `bend_y`, `start_x`, `start_y`, `end_x`, `end_y`, `mid2_x`, `mid2_y`) VALUES (33, 2, 30, 31, '2026-06-04 15:04:00', '2026-06-05 03:15:14', NULL, NULL, NULL, NULL, NULL, NULL, NULL, NULL);
INSERT INTO `master_flow_connections` (`id`, `master_flow_id`, `from_step_id`, `to_step_id`, `created_at`, `updated_at`, `bend_x`, `bend_y`, `start_x`, `start_y`, `end_x`, `end_y`, `mid2_x`, `mid2_y`) VALUES (34, 2, 31, 32, '2026-06-04 15:06:49', '2026-06-05 03:15:14', NULL, NULL, NULL, NULL, NULL, NULL, NULL, NULL);
INSERT INTO `master_flow_connections` (`id`, `master_flow_id`, `from_step_id`, `to_step_id`, `created_at`, `updated_at`, `bend_x`, `bend_y`, `start_x`, `start_y`, `end_x`, `end_y`, `mid2_x`, `mid2_y`) VALUES (35, 2, 32, 33, '2026-06-04 15:07:59', '2026-06-05 03:15:14', NULL, NULL, NULL, NULL, NULL, NULL, NULL, NULL);
INSERT INTO `master_flow_connections` (`id`, `master_flow_id`, `from_step_id`, `to_step_id`, `created_at`, `updated_at`, `bend_x`, `bend_y`, `start_x`, `start_y`, `end_x`, `end_y`, `mid2_x`, `mid2_y`) VALUES (36, 2, 32, 31, '2026-06-04 15:08:50', '2026-06-05 03:15:14', 25.4, 77.3, 25.5, 82.4, 11, 82.3, 10.9, 77.4);
INSERT INTO `master_flow_connections` (`id`, `master_flow_id`, `from_step_id`, `to_step_id`, `created_at`, `updated_at`, `bend_x`, `bend_y`, `start_x`, `start_y`, `end_x`, `end_y`, `mid2_x`, `mid2_y`) VALUES (37, 2, 31, 34, '2026-06-04 15:12:26', '2026-06-05 03:15:14', 8.1, 98, 8.3, 93.5, NULL, NULL, 32.5, 98);
INSERT INTO `master_flow_connections` (`id`, `master_flow_id`, `from_step_id`, `to_step_id`, `created_at`, `updated_at`, `bend_x`, `bend_y`, `start_x`, `start_y`, `end_x`, `end_y`, `mid2_x`, `mid2_y`) VALUES (38, 2, 34, 35, '2026-06-04 15:15:29', '2026-06-05 03:15:14', NULL, NULL, NULL, NULL, 55.9, 95.6, NULL, NULL);
INSERT INTO `master_flow_connections` (`id`, `master_flow_id`, `from_step_id`, `to_step_id`, `created_at`, `updated_at`, `bend_x`, `bend_y`, `start_x`, `start_y`, `end_x`, `end_y`, `mid2_x`, `mid2_y`) VALUES (39, 2, 33, 35, '2026-06-04 15:15:41', '2026-06-05 03:15:14', NULL, NULL, NULL, NULL, 56.9, 90, 54.9, 87.1);
INSERT INTO `master_flow_connections` (`id`, `master_flow_id`, `from_step_id`, `to_step_id`, `created_at`, `updated_at`, `bend_x`, `bend_y`, `start_x`, `start_y`, `end_x`, `end_y`, `mid2_x`, `mid2_y`) VALUES (40, 2, 35, 36, '2026-06-04 15:19:56', '2026-06-05 03:15:14', NULL, NULL, NULL, NULL, NULL, NULL, NULL, NULL);
INSERT INTO `master_flow_connections` (`id`, `master_flow_id`, `from_step_id`, `to_step_id`, `created_at`, `updated_at`, `bend_x`, `bend_y`, `start_x`, `start_y`, `end_x`, `end_y`, `mid2_x`, `mid2_y`) VALUES (41, 2, 36, 37, '2026-06-04 15:20:08', '2026-06-05 03:15:14', NULL, NULL, NULL, NULL, NULL, NULL, NULL, NULL);
INSERT INTO `master_flow_connections` (`id`, `master_flow_id`, `from_step_id`, `to_step_id`, `created_at`, `updated_at`, `bend_x`, `bend_y`, `start_x`, `start_y`, `end_x`, `end_y`, `mid2_x`, `mid2_y`) VALUES (42, 2, 25, 38, '2026-06-04 15:22:34', '2026-06-05 03:15:14', NULL, NULL, NULL, NULL, NULL, NULL, NULL, NULL);
INSERT INTO `master_flow_connections` (`id`, `master_flow_id`, `from_step_id`, `to_step_id`, `created_at`, `updated_at`, `bend_x`, `bend_y`, `start_x`, `start_y`, `end_x`, `end_y`, `mid2_x`, `mid2_y`) VALUES (43, 2, 38, 39, '2026-06-04 15:32:23', '2026-06-05 03:15:14', NULL, NULL, NULL, NULL, NULL, NULL, NULL, NULL);
INSERT INTO `master_flow_connections` (`id`, `master_flow_id`, `from_step_id`, `to_step_id`, `created_at`, `updated_at`, `bend_x`, `bend_y`, `start_x`, `start_y`, `end_x`, `end_y`, `mid2_x`, `mid2_y`) VALUES (45, 2, 39, 38, '2026-06-04 15:33:47', '2026-06-05 03:15:14', NULL, NULL, NULL, NULL, NULL, NULL, NULL, NULL);
INSERT INTO `master_flow_connections` (`id`, `master_flow_id`, `from_step_id`, `to_step_id`, `created_at`, `updated_at`, `bend_x`, `bend_y`, `start_x`, `start_y`, `end_x`, `end_y`, `mid2_x`, `mid2_y`) VALUES (46, 2, 39, 40, '2026-06-04 17:07:48', '2026-06-05 03:15:14', NULL, NULL, NULL, NULL, NULL, NULL, NULL, NULL);
INSERT INTO `master_flow_connections` (`id`, `master_flow_id`, `from_step_id`, `to_step_id`, `created_at`, `updated_at`, `bend_x`, `bend_y`, `start_x`, `start_y`, `end_x`, `end_y`, `mid2_x`, `mid2_y`) VALUES (47, 2, 40, 39, '2026-06-04 17:08:34', '2026-06-05 03:15:14', NULL, NULL, NULL, NULL, NULL, NULL, NULL, NULL);
INSERT INTO `master_flow_connections` (`id`, `master_flow_id`, `from_step_id`, `to_step_id`, `created_at`, `updated_at`, `bend_x`, `bend_y`, `start_x`, `start_y`, `end_x`, `end_y`, `mid2_x`, `mid2_y`) VALUES (48, 2, 40, 41, '2026-06-04 17:09:10', '2026-06-05 03:15:14', NULL, NULL, NULL, NULL, NULL, NULL, NULL, NULL);
INSERT INTO `master_flow_connections` (`id`, `master_flow_id`, `from_step_id`, `to_step_id`, `created_at`, `updated_at`, `bend_x`, `bend_y`, `start_x`, `start_y`, `end_x`, `end_y`, `mid2_x`, `mid2_y`) VALUES (49, 2, 41, 42, '2026-06-04 17:11:15', '2026-06-05 03:15:14', NULL, NULL, NULL, NULL, NULL, NULL, NULL, NULL);
INSERT INTO `master_flow_connections` (`id`, `master_flow_id`, `from_step_id`, `to_step_id`, `created_at`, `updated_at`, `bend_x`, `bend_y`, `start_x`, `start_y`, `end_x`, `end_y`, `mid2_x`, `mid2_y`) VALUES (50, 2, 29, 42, '2026-06-04 17:14:23', '2026-06-05 03:15:14', 26.1, 57.8, 25.9, 61.1, NULL, NULL, 72, 57.6);
INSERT INTO `master_flow_connections` (`id`, `master_flow_id`, `from_step_id`, `to_step_id`, `created_at`, `updated_at`, `bend_x`, `bend_y`, `start_x`, `start_y`, `end_x`, `end_y`, `mid2_x`, `mid2_y`) VALUES (51, 2, 42, 29, '2026-06-04 17:17:23', '2026-06-05 03:15:14', 72, 57.6, NULL, NULL, 25.9, 61, 26.1, 57.8);
INSERT INTO `master_flow_connections` (`id`, `master_flow_id`, `from_step_id`, `to_step_id`, `created_at`, `updated_at`, `bend_x`, `bend_y`, `start_x`, `start_y`, `end_x`, `end_y`, `mid2_x`, `mid2_y`) VALUES (72, 2, 22, 20, '2026-06-05 01:25:58', '2026-06-05 03:15:14', NULL, NULL, NULL, NULL, NULL, NULL, NULL, NULL);

INSERT INTO `master_flow_step_checklists` (`id`, `master_flow_step_id`, `label`, `sort_order`, `created_at`, `updated_at`) VALUES (79, 19, 'PO Customer', 1, '2026-06-05 01:41:36', '2026-06-05 01:41:36');
INSERT INTO `master_flow_step_checklists` (`id`, `master_flow_step_id`, `label`, `sort_order`, `created_at`, `updated_at`) VALUES (80, 22, 'BDP', 1, '2026-06-05 01:46:57', '2026-06-05 01:46:57');
INSERT INTO `master_flow_step_checklists` (`id`, `master_flow_step_id`, `label`, `sort_order`, `created_at`, `updated_at`) VALUES (81, 22, 'TOP', 2, '2026-06-05 01:47:06', '2026-06-05 01:47:06');
INSERT INTO `master_flow_step_checklists` (`id`, `master_flow_step_id`, `label`, `sort_order`, `created_at`, `updated_at`) VALUES (82, 22, 'TEKPRO', 3, '2026-06-05 01:47:14', '2026-06-05 01:47:14');
INSERT INTO `master_flow_step_checklists` (`id`, `master_flow_step_id`, `label`, `sort_order`, `created_at`, `updated_at`) VALUES (83, 22, 'BUDGET', 4, '2026-06-05 01:47:21', '2026-06-05 01:47:21');
INSERT INTO `master_flow_step_checklists` (`id`, `master_flow_step_id`, `label`, `sort_order`, `created_at`, `updated_at`) VALUES (84, 22, 'CEK STOK (VALIDASI 7 HARI)', 5, '2026-06-05 01:47:41', '2026-06-05 01:47:41');
INSERT INTO `master_flow_step_checklists` (`id`, `master_flow_step_id`, `label`, `sort_order`, `created_at`, `updated_at`) VALUES (85, 22, 'TBE', 6, '2026-06-05 01:47:48', '2026-06-05 01:47:48');
INSERT INTO `master_flow_step_checklists` (`id`, `master_flow_step_id`, `label`, `sort_order`, `created_at`, `updated_at`) VALUES (86, 22, 'DEVIASI LIST', 7, '2026-06-05 01:47:58', '2026-06-05 01:47:58');
INSERT INTO `master_flow_step_checklists` (`id`, `master_flow_step_id`, `label`, `sort_order`, `created_at`, `updated_at`) VALUES (87, 22, 'DOKUMEN CLIENT (SLD, MTO,DATA SHEET, RKS)', 8, '2026-06-05 01:48:30', '2026-06-05 01:48:30');
INSERT INTO `master_flow_step_checklists` (`id`, `master_flow_step_id`, `label`, `sort_order`, `created_at`, `updated_at`) VALUES (88, 22, 'REFERENSI PENAWARAN HARGA TENDER DARI SUPPLIER', 9, '2026-06-05 01:48:55', '2026-06-05 01:48:55');
INSERT INTO `master_flow_step_checklists` (`id`, `master_flow_step_id`, `label`, `sort_order`, `created_at`, `updated_at`) VALUES (89, 21, 'ATD - PM', 1, '2026-06-05 01:50:41', '2026-06-05 01:50:41');
INSERT INTO `master_flow_step_checklists` (`id`, `master_flow_step_id`, `label`, `sort_order`, `created_at`, `updated_at`) VALUES (90, 21, 'ATD - PE', 2, '2026-06-05 01:58:43', '2026-06-05 01:58:43');
INSERT INTO `master_flow_step_checklists` (`id`, `master_flow_step_id`, `label`, `sort_order`, `created_at`, `updated_at`) VALUES (91, 21, 'ATD - CTP', 3, '2026-06-05 01:58:56', '2026-06-05 01:58:56');
INSERT INTO `master_flow_step_checklists` (`id`, `master_flow_step_id`, `label`, `sort_order`, `created_at`, `updated_at`) VALUES (92, 21, 'ATD - SALES', 4, '2026-06-05 01:59:05', '2026-06-05 01:59:05');
INSERT INTO `master_flow_step_checklists` (`id`, `master_flow_step_id`, `label`, `sort_order`, `created_at`, `updated_at`) VALUES (93, 21, 'ATD - FINANCE', 5, '2026-06-05 01:59:16', '2026-06-05 01:59:16');
INSERT INTO `master_flow_step_checklists` (`id`, `master_flow_step_id`, `label`, `sort_order`, `created_at`, `updated_at`) VALUES (94, 21, 'ATD - SCC', 6, '2026-06-05 01:59:25', '2026-06-05 01:59:25');
INSERT INTO `master_flow_step_checklists` (`id`, `master_flow_step_id`, `label`, `sort_order`, `created_at`, `updated_at`) VALUES (95, 21, 'DOC - CTP', 7, '2026-06-05 01:59:42', '2026-06-05 01:59:42');
INSERT INTO `master_flow_step_checklists` (`id`, `master_flow_step_id`, `label`, `sort_order`, `created_at`, `updated_at`) VALUES (96, 21, 'DOC - PLAN SCHDULE PM', 8, '2026-06-05 01:59:59', '2026-06-05 02:00:28');
INSERT INTO `master_flow_step_checklists` (`id`, `master_flow_step_id`, `label`, `sort_order`, `created_at`, `updated_at`) VALUES (97, 21, 'DOC - LIST DOC ENGINEERING', 9, '2026-06-05 02:00:22', '2026-06-05 02:00:22');
INSERT INTO `master_flow_step_checklists` (`id`, `master_flow_step_id`, `label`, `sort_order`, `created_at`, `updated_at`) VALUES (98, 21, 'DOC - PO KONTRAK', 10, '2026-06-05 02:00:41', '2026-06-05 02:00:41');
INSERT INTO `master_flow_step_checklists` (`id`, `master_flow_step_id`, `label`, `sort_order`, `created_at`, `updated_at`) VALUES (99, 21, 'DOC - SOW', 11, '2026-06-05 02:01:12', '2026-06-05 02:01:12');
INSERT INTO `master_flow_step_checklists` (`id`, `master_flow_step_id`, `label`, `sort_order`, `created_at`, `updated_at`) VALUES (100, 21, 'DOC - HASIL KOM (FORM CHEKLIST PM & MOM)', 12, '2026-06-05 02:02:05', '2026-06-05 02:02:05');
INSERT INTO `master_flow_step_checklists` (`id`, `master_flow_step_id`, `label`, `sort_order`, `created_at`, `updated_at`) VALUES (101, 23, 'VDRL', 1, '2026-06-05 02:02:30', '2026-06-05 02:02:30');
INSERT INTO `master_flow_step_checklists` (`id`, `master_flow_step_id`, `label`, `sort_order`, `created_at`, `updated_at`) VALUES (102, 24, 'BUDGET APPROVAL', 1, '2026-06-05 02:02:52', '2026-06-05 02:02:52');
INSERT INTO `master_flow_step_checklists` (`id`, `master_flow_step_id`, `label`, `sort_order`, `created_at`, `updated_at`) VALUES (103, 25, 'RAB', 1, '2026-06-05 02:03:10', '2026-06-05 02:03:10');
INSERT INTO `master_flow_step_checklists` (`id`, `master_flow_step_id`, `label`, `sort_order`, `created_at`, `updated_at`) VALUES (104, 25, 'SCHEDULE FIX', 2, '2026-06-05 02:03:26', '2026-06-05 02:03:26');
INSERT INTO `master_flow_step_checklists` (`id`, `master_flow_step_id`, `label`, `sort_order`, `created_at`, `updated_at`) VALUES (105, 26, 'SUBMIT SCHEDULE INTERNAL & EXTERNAL', 1, '2026-06-05 02:03:51', '2026-06-05 02:03:51');
INSERT INTO `master_flow_step_checklists` (`id`, `master_flow_step_id`, `label`, `sort_order`, `created_at`, `updated_at`) VALUES (106, 26, 'SUBMIT COMUNICATION CHANEL', 2, '2026-06-05 02:04:04', '2026-06-05 02:04:04');
INSERT INTO `master_flow_step_checklists` (`id`, `master_flow_step_id`, `label`, `sort_order`, `created_at`, `updated_at`) VALUES (107, 26, 'SUBMIT VDRL', 3, '2026-06-05 02:04:13', '2026-06-05 02:04:13');
INSERT INTO `master_flow_step_checklists` (`id`, `master_flow_step_id`, `label`, `sort_order`, `created_at`, `updated_at`) VALUES (108, 27, 'CONFIRMATION', 1, '2026-06-05 02:56:26', '2026-06-05 03:06:59');
INSERT INTO `master_flow_step_checklists` (`id`, `master_flow_step_id`, `label`, `sort_order`, `created_at`, `updated_at`) VALUES (109, 28, 'ATD - PM', 1, '2026-06-05 02:56:41', '2026-06-05 02:56:41');
INSERT INTO `master_flow_step_checklists` (`id`, `master_flow_step_id`, `label`, `sort_order`, `created_at`, `updated_at`) VALUES (110, 28, 'ATD - PE', 2, '2026-06-05 02:56:49', '2026-06-05 02:56:49');
INSERT INTO `master_flow_step_checklists` (`id`, `master_flow_step_id`, `label`, `sort_order`, `created_at`, `updated_at`) VALUES (111, 28, 'ATD - SALES', 3, '2026-06-05 02:56:55', '2026-06-05 02:56:55');
INSERT INTO `master_flow_step_checklists` (`id`, `master_flow_step_id`, `label`, `sort_order`, `created_at`, `updated_at`) VALUES (112, 28, 'DOC - SCHEDULE FIX', 4, '2026-06-05 02:57:17', '2026-06-05 02:57:17');
INSERT INTO `master_flow_step_checklists` (`id`, `master_flow_step_id`, `label`, `sort_order`, `created_at`, `updated_at`) VALUES (113, 28, 'DOC - COMUNICATION CHANEL', 5, '2026-06-05 02:57:39', '2026-06-05 02:57:39');
INSERT INTO `master_flow_step_checklists` (`id`, `master_flow_step_id`, `label`, `sort_order`, `created_at`, `updated_at`) VALUES (114, 28, 'DOC - VDRL', 6, '2026-06-05 02:57:46', '2026-06-05 02:57:46');
INSERT INTO `master_flow_step_checklists` (`id`, `master_flow_step_id`, `label`, `sort_order`, `created_at`, `updated_at`) VALUES (115, 29, 'SUBMIT KEY DOC (GA-SLD-BOM)', 1, '2026-06-05 02:58:24', '2026-06-05 02:58:24');
INSERT INTO `master_flow_step_checklists` (`id`, `master_flow_step_id`, `label`, `sort_order`, `created_at`, `updated_at`) VALUES (116, 29, 'KLARIFIKASI TEKNIS DENGAN VENDOR', 2, '2026-06-05 03:00:51', '2026-06-05 03:00:51');
INSERT INTO `master_flow_step_checklists` (`id`, `master_flow_step_id`, `label`, `sort_order`, `created_at`, `updated_at`) VALUES (117, 29, 'PENENTUAN BRAND & TYPE', 3, '2026-06-05 03:01:03', '2026-06-05 03:01:03');
INSERT INTO `master_flow_step_checklists` (`id`, `master_flow_step_id`, `label`, `sort_order`, `created_at`, `updated_at`) VALUES (118, 29, 'FINAL BOQ (LONG LEAD-MIDLE LEAD-SHORT LEAD)', 4, '2026-06-05 03:01:49', '2026-06-05 03:08:39');
INSERT INTO `master_flow_step_checklists` (`id`, `master_flow_step_id`, `label`, `sort_order`, `created_at`, `updated_at`) VALUES (119, 30, 'SUBMIT DOCUMENT', 1, '2026-06-05 03:07:26', '2026-06-05 03:07:26');
INSERT INTO `master_flow_step_checklists` (`id`, `master_flow_step_id`, `label`, `sort_order`, `created_at`, `updated_at`) VALUES (120, 30, 'MONITORING SUBMISION SCHEDULE', 2, '2026-06-05 03:07:40', '2026-06-05 03:07:40');
INSERT INTO `master_flow_step_checklists` (`id`, `master_flow_step_id`, `label`, `sort_order`, `created_at`, `updated_at`) VALUES (121, 30, 'TARGET DOCUMENT CODE 1', 3, '2026-06-05 03:07:56', '2026-06-05 03:07:56');
INSERT INTO `master_flow_step_checklists` (`id`, `master_flow_step_id`, `label`, `sort_order`, `created_at`, `updated_at`) VALUES (122, 30, 'DWG SHEET METAL', 4, '2026-06-05 03:08:10', '2026-06-05 03:08:10');
INSERT INTO `master_flow_step_checklists` (`id`, `master_flow_step_id`, `label`, `sort_order`, `created_at`, `updated_at`) VALUES (123, 29, 'ENG MECHANIC - MEMBUAT DWG SHEET METAL & PART LIST', 5, '2026-06-05 03:09:31', '2026-06-05 03:09:31');
INSERT INTO `master_flow_step_checklists` (`id`, `master_flow_step_id`, `label`, `sort_order`, `created_at`, `updated_at`) VALUES (124, 31, 'MENERIMA BOM FINAL', 1, '2026-06-05 03:09:55', '2026-06-05 03:09:55');
INSERT INTO `master_flow_step_checklists` (`id`, `master_flow_step_id`, `label`, `sort_order`, `created_at`, `updated_at`) VALUES (125, 31, 'MEMBUAT FRM', 2, '2026-06-05 03:10:03', '2026-06-05 03:10:03');
INSERT INTO `master_flow_step_checklists` (`id`, `master_flow_step_id`, `label`, `sort_order`, `created_at`, `updated_at`) VALUES (126, 31, 'MENERIMA DWG (GA-SLD-SCHEMATIC)', 3, '2026-06-05 03:10:36', '2026-06-05 03:10:36');
INSERT INTO `master_flow_step_checklists` (`id`, `master_flow_step_id`, `label`, `sort_order`, `created_at`, `updated_at`) VALUES (127, 31, 'MENERIMA DWG (SHEET METAL & PARTLIST)', 4, '2026-06-05 03:10:59', '2026-06-05 03:10:59');
INSERT INTO `master_flow_step_checklists` (`id`, `master_flow_step_id`, `label`, `sort_order`, `created_at`, `updated_at`) VALUES (128, 32, 'APPROVAL FRM BINA', 1, '2026-06-05 03:11:19', '2026-06-05 03:11:19');
INSERT INTO `master_flow_step_checklists` (`id`, `master_flow_step_id`, `label`, `sort_order`, `created_at`, `updated_at`) VALUES (129, 32, 'MITIGASI', 2, '2026-06-05 03:11:25', '2026-06-05 03:11:25');
INSERT INTO `master_flow_step_checklists` (`id`, `master_flow_step_id`, `label`, `sort_order`, `created_at`, `updated_at`) VALUES (130, 33, 'MEMBUAT PO', 1, '2026-06-05 03:11:40', '2026-06-05 03:11:40');
INSERT INTO `master_flow_step_checklists` (`id`, `master_flow_step_id`, `label`, `sort_order`, `created_at`, `updated_at`) VALUES (131, 33, 'MONITORING FABRIKASI & DELIVERY (EXIM)', 2, '2026-06-05 03:12:10', '2026-06-05 03:12:10');
INSERT INTO `master_flow_step_checklists` (`id`, `master_flow_step_id`, `label`, `sort_order`, `created_at`, `updated_at`) VALUES (132, 33, 'SHIPMENT MATERIAL', 3, '2026-06-05 03:12:20', '2026-06-05 03:12:20');
INSERT INTO `master_flow_step_checklists` (`id`, `master_flow_step_id`, `label`, `sort_order`, `created_at`, `updated_at`) VALUES (133, 34, 'SHEET METAL PROSES', 1, '2026-06-05 03:12:41', '2026-06-05 03:12:41');
INSERT INTO `master_flow_step_checklists` (`id`, `master_flow_step_id`, `label`, `sort_order`, `created_at`, `updated_at`) VALUES (134, 34, 'PAINTSHOP PROSES', 2, '2026-06-05 03:12:51', '2026-06-05 03:12:51');
INSERT INTO `master_flow_step_checklists` (`id`, `master_flow_step_id`, `label`, `sort_order`, `created_at`, `updated_at`) VALUES (135, 35, 'MEKANIK', 1, '2026-06-05 03:13:19', '2026-06-05 03:13:19');
INSERT INTO `master_flow_step_checklists` (`id`, `master_flow_step_id`, `label`, `sort_order`, `created_at`, `updated_at`) VALUES (136, 35, 'WIRING', 2, '2026-06-05 03:13:26', '2026-06-05 03:13:26');
INSERT INTO `master_flow_step_checklists` (`id`, `master_flow_step_id`, `label`, `sort_order`, `created_at`, `updated_at`) VALUES (137, 35, 'BUSBAR', 3, '2026-06-05 03:13:32', '2026-06-05 03:13:32');
INSERT INTO `master_flow_step_checklists` (`id`, `master_flow_step_id`, `label`, `sort_order`, `created_at`, `updated_at`) VALUES (138, 36, 'ROUTINE TEST', 1, '2026-06-05 03:13:53', '2026-06-05 03:13:53');
INSERT INTO `master_flow_step_checklists` (`id`, `master_flow_step_id`, `label`, `sort_order`, `created_at`, `updated_at`) VALUES (139, 36, 'FAT', 2, '2026-06-05 03:13:59', '2026-06-05 03:13:59');
INSERT INTO `master_flow_step_checklists` (`id`, `master_flow_step_id`, `label`, `sort_order`, `created_at`, `updated_at`) VALUES (140, 36, 'CLOSING PUNCH LIST', 3, '2026-06-05 03:14:10', '2026-06-05 03:14:10');
INSERT INTO `master_flow_step_checklists` (`id`, `master_flow_step_id`, `label`, `sort_order`, `created_at`, `updated_at`) VALUES (141, 37, 'PROSES PACKING', 1, '2026-06-05 03:14:27', '2026-06-05 03:14:27');
INSERT INTO `master_flow_step_checklists` (`id`, `master_flow_step_id`, `label`, `sort_order`, `created_at`, `updated_at`) VALUES (142, 37, 'READY PICK UP', 2, '2026-06-05 03:14:41', '2026-06-05 03:14:41');
INSERT INTO `master_flow_step_checklists` (`id`, `master_flow_step_id`, `label`, `sort_order`, `created_at`, `updated_at`) VALUES (143, 38, 'MEMBUAT FRM', 1, '2026-06-05 03:17:53', '2026-06-05 03:17:53');
INSERT INTO `master_flow_step_checklists` (`id`, `master_flow_step_id`, `label`, `sort_order`, `created_at`, `updated_at`) VALUES (144, 38, 'CHEK BUDGET', 2, '2026-06-05 03:18:03', '2026-06-05 03:18:03');
INSERT INTO `master_flow_step_checklists` (`id`, `master_flow_step_id`, `label`, `sort_order`, `created_at`, `updated_at`) VALUES (145, 38, 'MITIGASI', 3, '2026-06-05 03:18:15', '2026-06-05 03:18:15');
INSERT INTO `master_flow_step_checklists` (`id`, `master_flow_step_id`, `label`, `sort_order`, `created_at`, `updated_at`) VALUES (146, 39, 'MEMINTA PENAWARAN KE SUPPLIER', 1, '2026-06-05 03:20:35', '2026-06-05 03:20:35');
INSERT INTO `master_flow_step_checklists` (`id`, `master_flow_step_id`, `label`, `sort_order`, `created_at`, `updated_at`) VALUES (147, 39, 'MEMBUAT COMPARATION HARGA', 2, '2026-06-05 03:20:47', '2026-06-05 03:20:47');
INSERT INTO `master_flow_step_checklists` (`id`, `master_flow_step_id`, `label`, `sort_order`, `created_at`, `updated_at`) VALUES (148, 39, 'MEMBUAT PO', 3, '2026-06-05 03:20:58', '2026-06-05 03:20:58');
INSERT INTO `master_flow_step_checklists` (`id`, `master_flow_step_id`, `label`, `sort_order`, `created_at`, `updated_at`) VALUES (149, 40, 'MENERIMA SOW & RFQ DARI PURCH BERKAH', 1, '2026-06-05 03:21:39', '2026-06-05 03:21:39');
INSERT INTO `master_flow_step_checklists` (`id`, `master_flow_step_id`, `label`, `sort_order`, `created_at`, `updated_at`) VALUES (150, 40, 'MENERIMA REF PENAWARAN HARGA TENDER DR SUPPLIER', 2, '2026-06-05 03:22:07', '2026-06-05 03:22:07');
INSERT INTO `master_flow_step_checklists` (`id`, `master_flow_step_id`, `label`, `sort_order`, `created_at`, `updated_at`) VALUES (151, 40, 'MEMBUAT PENAWARAN', 3, '2026-06-05 03:22:17', '2026-06-05 03:22:17');
INSERT INTO `master_flow_step_checklists` (`id`, `master_flow_step_id`, `label`, `sort_order`, `created_at`, `updated_at`) VALUES (152, 40, 'MENERIMA PO BERKAH', 4, '2026-06-05 03:22:27', '2026-06-05 03:22:27');
INSERT INTO `master_flow_step_checklists` (`id`, `master_flow_step_id`, `label`, `sort_order`, `created_at`, `updated_at`) VALUES (153, 41, 'BINA PROSES PO', 1, '2026-06-05 03:23:01', '2026-06-05 03:23:01');
INSERT INTO `master_flow_step_checklists` (`id`, `master_flow_step_id`, `label`, `sort_order`, `created_at`, `updated_at`) VALUES (154, 42, 'MENGUNDANG VENDOR KLARIFIKASI TEKNIS', 1, '2026-06-05 03:23:20', '2026-06-05 03:23:20');
INSERT INTO `master_flow_step_checklists` (`id`, `master_flow_step_id`, `label`, `sort_order`, `created_at`, `updated_at`) VALUES (155, 42, 'NEGOSIASI HARGA & DELIVERT TIME', 2, '2026-06-05 03:23:43', '2026-06-05 03:23:43');

INSERT INTO `projects` (`id`, `master_flow_id`, `wo_number`, `client_name`, `project_name`, `description`, `status`, `progress`, `created_at`, `updated_at`, `target_finish`) VALUES (9, 2, '260050037', 'PT. SYSTEM POWER', 'BUSDUCT LV 1200 A', NULL, 'open', 0, '2026-06-05 03:24:42', '2026-06-05 03:45:39', '2027-01-04 00:00:00');

INSERT INTO `project_processes` (`id`, `project_id`, `master_flow_step_id`, `code`, `name`, `status`, `progress`, `completed_checklists`, `total_checklists`, `position_x`, `position_y`, `sort_order`, `created_at`, `updated_at`, `allowed_role_codes`) VALUES (157, 9, 19, '001', 'CLIENT', 'open', 0, 0, 1, 7.6, 25.4, 1, '2026-06-05 03:24:42', '2026-06-05 05:38:39', '["sales"]');
INSERT INTO `project_processes` (`id`, `project_id`, `master_flow_step_id`, `code`, `name`, `status`, `progress`, `completed_checklists`, `total_checklists`, `position_x`, `position_y`, `sort_order`, `created_at`, `updated_at`, `allowed_role_codes`) VALUES (158, 9, 20, '002', 'SALES', 'open', 0, 0, 0, 24.9, 25.6, 2, '2026-06-05 03:24:42', '2026-06-05 05:38:39', '["sales"]');
INSERT INTO `project_processes` (`id`, `project_id`, `master_flow_step_id`, `code`, `name`, `status`, `progress`, `completed_checklists`, `total_checklists`, `position_x`, `position_y`, `sort_order`, `created_at`, `updated_at`, `allowed_role_codes`) VALUES (159, 9, 21, '003', 'KOM INTERNAL', 'open', 0, 0, 12, 43.9, 25.6, 3, '2026-06-05 03:24:42', '2026-06-05 05:38:39', '["pm"]');
INSERT INTO `project_processes` (`id`, `project_id`, `master_flow_step_id`, `code`, `name`, `status`, `progress`, `completed_checklists`, `total_checklists`, `position_x`, `position_y`, `sort_order`, `created_at`, `updated_at`, `allowed_role_codes`) VALUES (160, 9, 22, '004', 'CTP', 'open', 0, 0, 9, 24.8, 7.2, 4, '2026-06-05 03:24:42', '2026-06-05 05:38:39', '["ctp"]');
INSERT INTO `project_processes` (`id`, `project_id`, `master_flow_step_id`, `code`, `name`, `status`, `progress`, `completed_checklists`, `total_checklists`, `position_x`, `position_y`, `sort_order`, `created_at`, `updated_at`, `allowed_role_codes`) VALUES (161, 9, 23, '005', 'ENGINEERING', 'open', 0, 0, 1, 44, 44.2, 5, '2026-06-05 03:24:42', '2026-06-05 05:38:39', '["eng1","pe"]');
INSERT INTO `project_processes` (`id`, `project_id`, `master_flow_step_id`, `code`, `name`, `status`, `progress`, `completed_checklists`, `total_checklists`, `position_x`, `position_y`, `sort_order`, `created_at`, `updated_at`, `allowed_role_codes`) VALUES (162, 9, 24, '006', 'SCC', 'open', 0, 0, 1, 44, 6.9, 6, '2026-06-05 03:24:42', '2026-06-05 05:38:39', '["scc1"]');
INSERT INTO `project_processes` (`id`, `project_id`, `master_flow_step_id`, `code`, `name`, `status`, `progress`, `completed_checklists`, `total_checklists`, `position_x`, `position_y`, `sort_order`, `created_at`, `updated_at`, `allowed_role_codes`) VALUES (163, 9, 25, '007', 'PM', 'open', 0, 0, 2, 62.1, 25.6, 7, '2026-06-05 03:24:42', '2026-06-05 05:38:39', '["ceo","pd","pm"]');
INSERT INTO `project_processes` (`id`, `project_id`, `master_flow_step_id`, `code`, `name`, `status`, `progress`, `completed_checklists`, `total_checklists`, `position_x`, `position_y`, `sort_order`, `created_at`, `updated_at`, `allowed_role_codes`) VALUES (164, 9, 26, '008', 'DOCON', 'open', 0, 0, 3, 62.6, 44, 8, '2026-06-05 03:24:42', '2026-06-05 05:38:39', '["ceo","docon","pd"]');
INSERT INTO `project_processes` (`id`, `project_id`, `master_flow_step_id`, `code`, `name`, `status`, `progress`, `completed_checklists`, `total_checklists`, `position_x`, `position_y`, `sort_order`, `created_at`, `updated_at`, `allowed_role_codes`) VALUES (165, 9, 27, '009', 'CLIENT', 'open', 0, 0, 1, 62.6, 61, 9, '2026-06-05 03:24:42', '2026-06-05 05:38:39', '["ceo","docon","pd"]');
INSERT INTO `project_processes` (`id`, `project_id`, `master_flow_step_id`, `code`, `name`, `status`, `progress`, `completed_checklists`, `total_checklists`, `position_x`, `position_y`, `sort_order`, `created_at`, `updated_at`, `allowed_role_codes`) VALUES (166, 9, 28, '010', 'KOM EXTERNAL', 'open', 0, 0, 6, 44.4, 61.3, 10, '2026-06-05 03:24:42', '2026-06-05 05:38:39', '["ceo","pd","pe","pm"]');
INSERT INTO `project_processes` (`id`, `project_id`, `master_flow_step_id`, `code`, `name`, `status`, `progress`, `completed_checklists`, `total_checklists`, `position_x`, `position_y`, `sort_order`, `created_at`, `updated_at`, `allowed_role_codes`) VALUES (167, 9, 29, '011', 'ENGINEERING', 'open', 0, 0, 5, 25.6, 61.4, 11, '2026-06-05 03:24:42', '2026-06-05 05:38:39', '["ceo","eng1","pe"]');
INSERT INTO `project_processes` (`id`, `project_id`, `master_flow_step_id`, `code`, `name`, `status`, `progress`, `completed_checklists`, `total_checklists`, `position_x`, `position_y`, `sort_order`, `created_at`, `updated_at`, `allowed_role_codes`) VALUES (168, 9, 30, '012', 'DOCON', 'open', 0, 0, 4, 8, 61.9, 12, '2026-06-05 03:24:42', '2026-06-05 05:38:39', '["ceo","docon","pd"]');
INSERT INTO `project_processes` (`id`, `project_id`, `master_flow_step_id`, `code`, `name`, `status`, `progress`, `completed_checklists`, `total_checklists`, `position_x`, `position_y`, `sort_order`, `created_at`, `updated_at`, `allowed_role_codes`) VALUES (169, 9, 31, '013', 'PFM - BINA', 'open', 0, 0, 4, 8.2, 82, 13, '2026-06-05 03:24:42', '2026-06-05 05:38:39', '["pfm"]');
INSERT INTO `project_processes` (`id`, `project_id`, `master_flow_step_id`, `code`, `name`, `status`, `progress`, `completed_checklists`, `total_checklists`, `position_x`, `position_y`, `sort_order`, `created_at`, `updated_at`, `allowed_role_codes`) VALUES (170, 9, 32, '014', 'SCC-BINA', 'open', 0, 0, 2, 25.8, 82.2, 14, '2026-06-05 03:24:42', '2026-06-05 05:38:39', '["scc2"]');
INSERT INTO `project_processes` (`id`, `project_id`, `master_flow_step_id`, `code`, `name`, `status`, `progress`, `completed_checklists`, `total_checklists`, `position_x`, `position_y`, `sort_order`, `created_at`, `updated_at`, `allowed_role_codes`) VALUES (171, 9, 33, '016', 'PURCHASING', 'open', 0, 0, 3, 44.7, 76, 15, '2026-06-05 03:24:42', '2026-06-05 05:38:39', '["pfm","pur2"]');
INSERT INTO `project_processes` (`id`, `project_id`, `master_flow_step_id`, `code`, `name`, `status`, `progress`, `completed_checklists`, `total_checklists`, `position_x`, `position_y`, `sort_order`, `created_at`, `updated_at`, `allowed_role_codes`) VALUES (172, 9, 34, '017', 'FABRICATION', 'open', 0, 0, 2, 44.8, 90, 16, '2026-06-05 03:24:42', '2026-06-05 05:38:39', '["pfm"]');
INSERT INTO `project_processes` (`id`, `project_id`, `master_flow_step_id`, `code`, `name`, `status`, `progress`, `completed_checklists`, `total_checklists`, `position_x`, `position_y`, `sort_order`, `created_at`, `updated_at`, `allowed_role_codes`) VALUES (173, 9, 35, '08', 'ASSEMBLING', 'open', 0, 0, 3, 63, 90, 17, '2026-06-05 03:24:42', '2026-06-05 05:38:39', '["pfm"]');
INSERT INTO `project_processes` (`id`, `project_id`, `master_flow_step_id`, `code`, `name`, `status`, `progress`, `completed_checklists`, `total_checklists`, `position_x`, `position_y`, `sort_order`, `created_at`, `updated_at`, `allowed_role_codes`) VALUES (174, 9, 36, '019', 'QC', 'open', 0, 0, 3, 63.1, 73.8, 18, '2026-06-05 03:24:42', '2026-06-05 05:38:39', '["pfm"]');
INSERT INTO `project_processes` (`id`, `project_id`, `master_flow_step_id`, `code`, `name`, `status`, `progress`, `completed_checklists`, `total_checklists`, `position_x`, `position_y`, `sort_order`, `created_at`, `updated_at`, `allowed_role_codes`) VALUES (175, 9, 37, '020', 'PACKING - SHIPMENT', 'open', 0, 0, 2, 83.5, 81.8, 19, '2026-06-05 03:24:42', '2026-06-05 05:38:39', '["pfm"]');
INSERT INTO `project_processes` (`id`, `project_id`, `master_flow_step_id`, `code`, `name`, `status`, `progress`, `completed_checklists`, `total_checklists`, `position_x`, `position_y`, `sort_order`, `created_at`, `updated_at`, `allowed_role_codes`) VALUES (176, 9, 38, '021', 'SCC', 'open', 0, 0, 3, 62.1, 6.9, 20, '2026-06-05 03:24:42', '2026-06-05 05:38:39', '["scc1"]');
INSERT INTO `project_processes` (`id`, `project_id`, `master_flow_step_id`, `code`, `name`, `status`, `progress`, `completed_checklists`, `total_checklists`, `position_x`, `position_y`, `sort_order`, `created_at`, `updated_at`, `allowed_role_codes`) VALUES (177, 9, 39, '022', 'PURCHASING', 'open', 0, 0, 3, 84.4, 7, 21, '2026-06-05 03:24:42', '2026-06-05 05:38:39', '["pur2"]');
INSERT INTO `project_processes` (`id`, `project_id`, `master_flow_step_id`, `code`, `name`, `status`, `progress`, `completed_checklists`, `total_checklists`, `position_x`, `position_y`, `sort_order`, `created_at`, `updated_at`, `allowed_role_codes`) VALUES (178, 9, 40, '023', 'BINA', 'open', 0, 0, 4, 84.4, 25.9, 22, '2026-06-05 03:24:42', '2026-06-05 05:38:39', '["pfm","sales1"]');
INSERT INTO `project_processes` (`id`, `project_id`, `master_flow_step_id`, `code`, `name`, `status`, `progress`, `completed_checklists`, `total_checklists`, `position_x`, `position_y`, `sort_order`, `created_at`, `updated_at`, `allowed_role_codes`) VALUES (179, 9, 41, '024', 'BINA PROSES PO', 'open', 0, 0, 1, 84.4, 44.5, 23, '2026-06-05 03:24:42', '2026-06-05 05:38:39', '["pfm","pur2"]');
INSERT INTO `project_processes` (`id`, `project_id`, `master_flow_step_id`, `code`, `name`, `status`, `progress`, `completed_checklists`, `total_checklists`, `position_x`, `position_y`, `sort_order`, `created_at`, `updated_at`, `allowed_role_codes`) VALUES (180, 9, 42, '025', 'PURCHASING - BINA', 'open', 0, 0, 2, 84.4, 62.6, 24, '2026-06-05 03:24:42', '2026-06-05 05:38:39', '["pfm","pur2"]');

INSERT INTO `project_process_connections` (`id`, `project_id`, `from_process_id`, `to_process_id`, `created_at`, `updated_at`, `bend_x`, `bend_y`, `start_x`, `start_y`, `end_x`, `end_y`, `mid2_x`, `mid2_y`) VALUES (1441, 9, 157, 158, '2026-06-05 05:39:53', '2026-06-05 05:39:53', NULL, NULL, NULL, NULL, NULL, NULL, NULL, NULL);
INSERT INTO `project_process_connections` (`id`, `project_id`, `from_process_id`, `to_process_id`, `created_at`, `updated_at`, `bend_x`, `bend_y`, `start_x`, `start_y`, `end_x`, `end_y`, `mid2_x`, `mid2_y`) VALUES (1442, 9, 158, 159, '2026-06-05 05:39:53', '2026-06-05 05:39:53', NULL, NULL, NULL, NULL, NULL, NULL, NULL, NULL);
INSERT INTO `project_process_connections` (`id`, `project_id`, `from_process_id`, `to_process_id`, `created_at`, `updated_at`, `bend_x`, `bend_y`, `start_x`, `start_y`, `end_x`, `end_y`, `mid2_x`, `mid2_y`) VALUES (1443, 9, 159, 161, '2026-06-05 05:39:53', '2026-06-05 05:39:53', NULL, NULL, NULL, NULL, NULL, NULL, NULL, NULL);
INSERT INTO `project_process_connections` (`id`, `project_id`, `from_process_id`, `to_process_id`, `created_at`, `updated_at`, `bend_x`, `bend_y`, `start_x`, `start_y`, `end_x`, `end_y`, `mid2_x`, `mid2_y`) VALUES (1444, 9, 159, 162, '2026-06-05 05:39:53', '2026-06-05 05:39:53', NULL, NULL, NULL, NULL, NULL, NULL, NULL, NULL);
INSERT INTO `project_process_connections` (`id`, `project_id`, `from_process_id`, `to_process_id`, `created_at`, `updated_at`, `bend_x`, `bend_y`, `start_x`, `start_y`, `end_x`, `end_y`, `mid2_x`, `mid2_y`) VALUES (1445, 9, 159, 163, '2026-06-05 05:39:53', '2026-06-05 05:39:53', NULL, NULL, 51, 31.3, 55, 31.1, NULL, NULL);
INSERT INTO `project_process_connections` (`id`, `project_id`, `from_process_id`, `to_process_id`, `created_at`, `updated_at`, `bend_x`, `bend_y`, `start_x`, `start_y`, `end_x`, `end_y`, `mid2_x`, `mid2_y`) VALUES (1446, 9, 163, 164, '2026-06-05 05:39:53', '2026-06-05 05:39:53', NULL, NULL, NULL, NULL, NULL, NULL, NULL, NULL);
INSERT INTO `project_process_connections` (`id`, `project_id`, `from_process_id`, `to_process_id`, `created_at`, `updated_at`, `bend_x`, `bend_y`, `start_x`, `start_y`, `end_x`, `end_y`, `mid2_x`, `mid2_y`) VALUES (1447, 9, 161, 164, '2026-06-05 05:39:53', '2026-06-05 05:39:53', NULL, NULL, NULL, NULL, 55.5, 49.9, NULL, NULL);
INSERT INTO `project_process_connections` (`id`, `project_id`, `from_process_id`, `to_process_id`, `created_at`, `updated_at`, `bend_x`, `bend_y`, `start_x`, `start_y`, `end_x`, `end_y`, `mid2_x`, `mid2_y`) VALUES (1448, 9, 164, 165, '2026-06-05 05:39:53', '2026-06-05 05:39:53', NULL, NULL, NULL, NULL, NULL, NULL, NULL, NULL);
INSERT INTO `project_process_connections` (`id`, `project_id`, `from_process_id`, `to_process_id`, `created_at`, `updated_at`, `bend_x`, `bend_y`, `start_x`, `start_y`, `end_x`, `end_y`, `mid2_x`, `mid2_y`) VALUES (1449, 9, 165, 166, '2026-06-05 05:39:53', '2026-06-05 05:39:53', NULL, NULL, NULL, NULL, NULL, NULL, NULL, NULL);
INSERT INTO `project_process_connections` (`id`, `project_id`, `from_process_id`, `to_process_id`, `created_at`, `updated_at`, `bend_x`, `bend_y`, `start_x`, `start_y`, `end_x`, `end_y`, `mid2_x`, `mid2_y`) VALUES (1450, 9, 166, 167, '2026-06-05 05:39:53', '2026-06-05 05:39:53', NULL, NULL, NULL, NULL, NULL, NULL, NULL, NULL);
INSERT INTO `project_process_connections` (`id`, `project_id`, `from_process_id`, `to_process_id`, `created_at`, `updated_at`, `bend_x`, `bend_y`, `start_x`, `start_y`, `end_x`, `end_y`, `mid2_x`, `mid2_y`) VALUES (1451, 9, 167, 168, '2026-06-05 05:39:53', '2026-06-05 05:39:53', NULL, NULL, NULL, NULL, NULL, NULL, NULL, NULL);
INSERT INTO `project_process_connections` (`id`, `project_id`, `from_process_id`, `to_process_id`, `created_at`, `updated_at`, `bend_x`, `bend_y`, `start_x`, `start_y`, `end_x`, `end_y`, `mid2_x`, `mid2_y`) VALUES (1452, 9, 168, 169, '2026-06-05 05:39:53', '2026-06-05 05:39:53', NULL, NULL, NULL, NULL, NULL, NULL, NULL, NULL);
INSERT INTO `project_process_connections` (`id`, `project_id`, `from_process_id`, `to_process_id`, `created_at`, `updated_at`, `bend_x`, `bend_y`, `start_x`, `start_y`, `end_x`, `end_y`, `mid2_x`, `mid2_y`) VALUES (1453, 9, 169, 170, '2026-06-05 05:39:53', '2026-06-05 05:39:53', NULL, NULL, NULL, NULL, NULL, NULL, NULL, NULL);
INSERT INTO `project_process_connections` (`id`, `project_id`, `from_process_id`, `to_process_id`, `created_at`, `updated_at`, `bend_x`, `bend_y`, `start_x`, `start_y`, `end_x`, `end_y`, `mid2_x`, `mid2_y`) VALUES (1454, 9, 170, 171, '2026-06-05 05:39:53', '2026-06-05 05:39:53', NULL, NULL, NULL, NULL, NULL, NULL, NULL, NULL);
INSERT INTO `project_process_connections` (`id`, `project_id`, `from_process_id`, `to_process_id`, `created_at`, `updated_at`, `bend_x`, `bend_y`, `start_x`, `start_y`, `end_x`, `end_y`, `mid2_x`, `mid2_y`) VALUES (1455, 9, 170, 169, '2026-06-05 05:39:53', '2026-06-05 05:39:53', 25.4, 77.3, 25.5, 82.4, 11, 82.3, 10.9, 77.4);
INSERT INTO `project_process_connections` (`id`, `project_id`, `from_process_id`, `to_process_id`, `created_at`, `updated_at`, `bend_x`, `bend_y`, `start_x`, `start_y`, `end_x`, `end_y`, `mid2_x`, `mid2_y`) VALUES (1456, 9, 169, 172, '2026-06-05 05:39:53', '2026-06-05 05:39:53', 8.1, 98, 8.3, 93.5, NULL, NULL, 32.5, 98);
INSERT INTO `project_process_connections` (`id`, `project_id`, `from_process_id`, `to_process_id`, `created_at`, `updated_at`, `bend_x`, `bend_y`, `start_x`, `start_y`, `end_x`, `end_y`, `mid2_x`, `mid2_y`) VALUES (1457, 9, 172, 173, '2026-06-05 05:39:53', '2026-06-05 05:39:53', NULL, NULL, NULL, NULL, 55.9, 95.6, NULL, NULL);
INSERT INTO `project_process_connections` (`id`, `project_id`, `from_process_id`, `to_process_id`, `created_at`, `updated_at`, `bend_x`, `bend_y`, `start_x`, `start_y`, `end_x`, `end_y`, `mid2_x`, `mid2_y`) VALUES (1458, 9, 171, 173, '2026-06-05 05:39:53', '2026-06-05 05:39:53', NULL, NULL, NULL, NULL, 56.9, 90, 54.9, 87.1);
INSERT INTO `project_process_connections` (`id`, `project_id`, `from_process_id`, `to_process_id`, `created_at`, `updated_at`, `bend_x`, `bend_y`, `start_x`, `start_y`, `end_x`, `end_y`, `mid2_x`, `mid2_y`) VALUES (1459, 9, 173, 174, '2026-06-05 05:39:53', '2026-06-05 05:39:53', NULL, NULL, NULL, NULL, NULL, NULL, NULL, NULL);
INSERT INTO `project_process_connections` (`id`, `project_id`, `from_process_id`, `to_process_id`, `created_at`, `updated_at`, `bend_x`, `bend_y`, `start_x`, `start_y`, `end_x`, `end_y`, `mid2_x`, `mid2_y`) VALUES (1460, 9, 174, 175, '2026-06-05 05:39:53', '2026-06-05 05:39:53', NULL, NULL, NULL, NULL, NULL, NULL, NULL, NULL);
INSERT INTO `project_process_connections` (`id`, `project_id`, `from_process_id`, `to_process_id`, `created_at`, `updated_at`, `bend_x`, `bend_y`, `start_x`, `start_y`, `end_x`, `end_y`, `mid2_x`, `mid2_y`) VALUES (1461, 9, 163, 176, '2026-06-05 05:39:53', '2026-06-05 05:39:53', NULL, NULL, NULL, NULL, NULL, NULL, NULL, NULL);
INSERT INTO `project_process_connections` (`id`, `project_id`, `from_process_id`, `to_process_id`, `created_at`, `updated_at`, `bend_x`, `bend_y`, `start_x`, `start_y`, `end_x`, `end_y`, `mid2_x`, `mid2_y`) VALUES (1462, 9, 176, 177, '2026-06-05 05:39:53', '2026-06-05 05:39:53', NULL, NULL, NULL, NULL, NULL, NULL, NULL, NULL);
INSERT INTO `project_process_connections` (`id`, `project_id`, `from_process_id`, `to_process_id`, `created_at`, `updated_at`, `bend_x`, `bend_y`, `start_x`, `start_y`, `end_x`, `end_y`, `mid2_x`, `mid2_y`) VALUES (1463, 9, 177, 176, '2026-06-05 05:39:53', '2026-06-05 05:39:53', NULL, NULL, NULL, NULL, NULL, NULL, NULL, NULL);
INSERT INTO `project_process_connections` (`id`, `project_id`, `from_process_id`, `to_process_id`, `created_at`, `updated_at`, `bend_x`, `bend_y`, `start_x`, `start_y`, `end_x`, `end_y`, `mid2_x`, `mid2_y`) VALUES (1464, 9, 177, 178, '2026-06-05 05:39:53', '2026-06-05 05:39:53', NULL, NULL, NULL, NULL, NULL, NULL, NULL, NULL);
INSERT INTO `project_process_connections` (`id`, `project_id`, `from_process_id`, `to_process_id`, `created_at`, `updated_at`, `bend_x`, `bend_y`, `start_x`, `start_y`, `end_x`, `end_y`, `mid2_x`, `mid2_y`) VALUES (1465, 9, 178, 177, '2026-06-05 05:39:53', '2026-06-05 05:39:53', NULL, NULL, NULL, NULL, NULL, NULL, NULL, NULL);
INSERT INTO `project_process_connections` (`id`, `project_id`, `from_process_id`, `to_process_id`, `created_at`, `updated_at`, `bend_x`, `bend_y`, `start_x`, `start_y`, `end_x`, `end_y`, `mid2_x`, `mid2_y`) VALUES (1466, 9, 178, 179, '2026-06-05 05:39:53', '2026-06-05 05:39:53', NULL, NULL, NULL, NULL, NULL, NULL, NULL, NULL);
INSERT INTO `project_process_connections` (`id`, `project_id`, `from_process_id`, `to_process_id`, `created_at`, `updated_at`, `bend_x`, `bend_y`, `start_x`, `start_y`, `end_x`, `end_y`, `mid2_x`, `mid2_y`) VALUES (1467, 9, 179, 180, '2026-06-05 05:39:53', '2026-06-05 05:39:53', NULL, NULL, NULL, NULL, NULL, NULL, NULL, NULL);
INSERT INTO `project_process_connections` (`id`, `project_id`, `from_process_id`, `to_process_id`, `created_at`, `updated_at`, `bend_x`, `bend_y`, `start_x`, `start_y`, `end_x`, `end_y`, `mid2_x`, `mid2_y`) VALUES (1468, 9, 167, 180, '2026-06-05 05:39:53', '2026-06-05 05:39:53', 26.1, 57.8, 25.9, 61.1, NULL, NULL, 72, 57.6);
INSERT INTO `project_process_connections` (`id`, `project_id`, `from_process_id`, `to_process_id`, `created_at`, `updated_at`, `bend_x`, `bend_y`, `start_x`, `start_y`, `end_x`, `end_y`, `mid2_x`, `mid2_y`) VALUES (1469, 9, 180, 167, '2026-06-05 05:39:53', '2026-06-05 05:39:53', 72, 57.6, NULL, NULL, 25.9, 61, 26.1, 57.8);
INSERT INTO `project_process_connections` (`id`, `project_id`, `from_process_id`, `to_process_id`, `created_at`, `updated_at`, `bend_x`, `bend_y`, `start_x`, `start_y`, `end_x`, `end_y`, `mid2_x`, `mid2_y`) VALUES (1470, 9, 160, 158, '2026-06-05 05:39:53', '2026-06-05 05:39:53', NULL, NULL, NULL, NULL, NULL, NULL, NULL, NULL);

INSERT INTO `project_process_checklists` (`id`, `project_process_id`, `label`, `is_done`, `sort_order`, `created_at`, `updated_at`, `document_link`) VALUES (302, 157, 'PO Customer', 0, 1, '2026-06-05 03:24:42', '2026-06-05 03:24:42', NULL);
INSERT INTO `project_process_checklists` (`id`, `project_process_id`, `label`, `is_done`, `sort_order`, `created_at`, `updated_at`, `document_link`) VALUES (303, 159, 'ATD - PM', 0, 1, '2026-06-05 03:24:42', '2026-06-05 03:24:42', NULL);
INSERT INTO `project_process_checklists` (`id`, `project_process_id`, `label`, `is_done`, `sort_order`, `created_at`, `updated_at`, `document_link`) VALUES (304, 159, 'ATD - PE', 0, 2, '2026-06-05 03:24:42', '2026-06-05 03:24:42', NULL);
INSERT INTO `project_process_checklists` (`id`, `project_process_id`, `label`, `is_done`, `sort_order`, `created_at`, `updated_at`, `document_link`) VALUES (305, 159, 'ATD - CTP', 0, 3, '2026-06-05 03:24:42', '2026-06-05 03:24:42', NULL);
INSERT INTO `project_process_checklists` (`id`, `project_process_id`, `label`, `is_done`, `sort_order`, `created_at`, `updated_at`, `document_link`) VALUES (306, 159, 'ATD - SALES', 0, 4, '2026-06-05 03:24:42', '2026-06-05 03:24:42', NULL);
INSERT INTO `project_process_checklists` (`id`, `project_process_id`, `label`, `is_done`, `sort_order`, `created_at`, `updated_at`, `document_link`) VALUES (307, 159, 'ATD - FINANCE', 0, 5, '2026-06-05 03:24:42', '2026-06-05 03:24:42', NULL);
INSERT INTO `project_process_checklists` (`id`, `project_process_id`, `label`, `is_done`, `sort_order`, `created_at`, `updated_at`, `document_link`) VALUES (308, 159, 'ATD - SCC', 0, 6, '2026-06-05 03:24:42', '2026-06-05 03:24:42', NULL);
INSERT INTO `project_process_checklists` (`id`, `project_process_id`, `label`, `is_done`, `sort_order`, `created_at`, `updated_at`, `document_link`) VALUES (309, 159, 'DOC - CTP', 0, 7, '2026-06-05 03:24:42', '2026-06-05 03:24:42', NULL);
INSERT INTO `project_process_checklists` (`id`, `project_process_id`, `label`, `is_done`, `sort_order`, `created_at`, `updated_at`, `document_link`) VALUES (310, 159, 'DOC - PLAN SCHDULE PM', 0, 8, '2026-06-05 03:24:42', '2026-06-05 03:24:42', NULL);
INSERT INTO `project_process_checklists` (`id`, `project_process_id`, `label`, `is_done`, `sort_order`, `created_at`, `updated_at`, `document_link`) VALUES (311, 159, 'DOC - LIST DOC ENGINEERING', 0, 9, '2026-06-05 03:24:42', '2026-06-05 03:24:42', NULL);
INSERT INTO `project_process_checklists` (`id`, `project_process_id`, `label`, `is_done`, `sort_order`, `created_at`, `updated_at`, `document_link`) VALUES (312, 159, 'DOC - PO KONTRAK', 0, 10, '2026-06-05 03:24:42', '2026-06-05 03:24:42', NULL);
INSERT INTO `project_process_checklists` (`id`, `project_process_id`, `label`, `is_done`, `sort_order`, `created_at`, `updated_at`, `document_link`) VALUES (313, 159, 'DOC - SOW', 0, 11, '2026-06-05 03:24:42', '2026-06-05 03:24:42', NULL);
INSERT INTO `project_process_checklists` (`id`, `project_process_id`, `label`, `is_done`, `sort_order`, `created_at`, `updated_at`, `document_link`) VALUES (314, 159, 'DOC - HASIL KOM (FORM CHEKLIST PM & MOM)', 0, 12, '2026-06-05 03:24:42', '2026-06-05 03:24:42', NULL);
INSERT INTO `project_process_checklists` (`id`, `project_process_id`, `label`, `is_done`, `sort_order`, `created_at`, `updated_at`, `document_link`) VALUES (315, 160, 'BDP', 0, 1, '2026-06-05 03:24:42', '2026-06-05 03:24:42', NULL);
INSERT INTO `project_process_checklists` (`id`, `project_process_id`, `label`, `is_done`, `sort_order`, `created_at`, `updated_at`, `document_link`) VALUES (316, 160, 'TOP', 0, 2, '2026-06-05 03:24:42', '2026-06-05 03:24:42', NULL);
INSERT INTO `project_process_checklists` (`id`, `project_process_id`, `label`, `is_done`, `sort_order`, `created_at`, `updated_at`, `document_link`) VALUES (317, 160, 'TEKPRO', 0, 3, '2026-06-05 03:24:42', '2026-06-05 03:24:42', NULL);
INSERT INTO `project_process_checklists` (`id`, `project_process_id`, `label`, `is_done`, `sort_order`, `created_at`, `updated_at`, `document_link`) VALUES (318, 160, 'BUDGET', 0, 4, '2026-06-05 03:24:42', '2026-06-05 03:24:42', NULL);
INSERT INTO `project_process_checklists` (`id`, `project_process_id`, `label`, `is_done`, `sort_order`, `created_at`, `updated_at`, `document_link`) VALUES (319, 160, 'CEK STOK (VALIDASI 7 HARI)', 0, 5, '2026-06-05 03:24:42', '2026-06-05 03:24:42', NULL);
INSERT INTO `project_process_checklists` (`id`, `project_process_id`, `label`, `is_done`, `sort_order`, `created_at`, `updated_at`, `document_link`) VALUES (320, 160, 'TBE', 0, 6, '2026-06-05 03:24:42', '2026-06-05 03:24:42', NULL);
INSERT INTO `project_process_checklists` (`id`, `project_process_id`, `label`, `is_done`, `sort_order`, `created_at`, `updated_at`, `document_link`) VALUES (321, 160, 'DEVIASI LIST', 0, 7, '2026-06-05 03:24:42', '2026-06-05 03:24:42', NULL);
INSERT INTO `project_process_checklists` (`id`, `project_process_id`, `label`, `is_done`, `sort_order`, `created_at`, `updated_at`, `document_link`) VALUES (322, 160, 'DOKUMEN CLIENT (SLD, MTO,DATA SHEET, RKS)', 0, 8, '2026-06-05 03:24:42', '2026-06-05 03:24:42', NULL);
INSERT INTO `project_process_checklists` (`id`, `project_process_id`, `label`, `is_done`, `sort_order`, `created_at`, `updated_at`, `document_link`) VALUES (323, 160, 'REFERENSI PENAWARAN HARGA TENDER DARI SUPPLIER', 0, 9, '2026-06-05 03:24:42', '2026-06-05 03:24:42', NULL);
INSERT INTO `project_process_checklists` (`id`, `project_process_id`, `label`, `is_done`, `sort_order`, `created_at`, `updated_at`, `document_link`) VALUES (324, 161, 'VDRL', 0, 1, '2026-06-05 03:24:42', '2026-06-05 03:24:42', NULL);
INSERT INTO `project_process_checklists` (`id`, `project_process_id`, `label`, `is_done`, `sort_order`, `created_at`, `updated_at`, `document_link`) VALUES (325, 162, 'BUDGET APPROVAL', 0, 1, '2026-06-05 03:24:42', '2026-06-05 03:24:42', NULL);
INSERT INTO `project_process_checklists` (`id`, `project_process_id`, `label`, `is_done`, `sort_order`, `created_at`, `updated_at`, `document_link`) VALUES (326, 163, 'RAB', 0, 1, '2026-06-05 03:24:42', '2026-06-05 03:24:42', NULL);
INSERT INTO `project_process_checklists` (`id`, `project_process_id`, `label`, `is_done`, `sort_order`, `created_at`, `updated_at`, `document_link`) VALUES (327, 163, 'SCHEDULE FIX', 0, 2, '2026-06-05 03:24:42', '2026-06-05 03:24:42', NULL);
INSERT INTO `project_process_checklists` (`id`, `project_process_id`, `label`, `is_done`, `sort_order`, `created_at`, `updated_at`, `document_link`) VALUES (328, 164, 'SUBMIT SCHEDULE INTERNAL & EXTERNAL', 0, 1, '2026-06-05 03:24:42', '2026-06-05 03:24:42', NULL);
INSERT INTO `project_process_checklists` (`id`, `project_process_id`, `label`, `is_done`, `sort_order`, `created_at`, `updated_at`, `document_link`) VALUES (329, 164, 'SUBMIT COMUNICATION CHANEL', 0, 2, '2026-06-05 03:24:42', '2026-06-05 03:24:42', NULL);
INSERT INTO `project_process_checklists` (`id`, `project_process_id`, `label`, `is_done`, `sort_order`, `created_at`, `updated_at`, `document_link`) VALUES (330, 164, 'SUBMIT VDRL', 0, 3, '2026-06-05 03:24:42', '2026-06-05 03:24:42', NULL);
INSERT INTO `project_process_checklists` (`id`, `project_process_id`, `label`, `is_done`, `sort_order`, `created_at`, `updated_at`, `document_link`) VALUES (331, 165, 'CONFIRMATION', 0, 1, '2026-06-05 03:24:42', '2026-06-05 03:24:42', NULL);
INSERT INTO `project_process_checklists` (`id`, `project_process_id`, `label`, `is_done`, `sort_order`, `created_at`, `updated_at`, `document_link`) VALUES (332, 166, 'ATD - PM', 0, 1, '2026-06-05 03:24:42', '2026-06-05 03:24:42', NULL);
INSERT INTO `project_process_checklists` (`id`, `project_process_id`, `label`, `is_done`, `sort_order`, `created_at`, `updated_at`, `document_link`) VALUES (333, 166, 'ATD - PE', 0, 2, '2026-06-05 03:24:42', '2026-06-05 03:24:42', NULL);
INSERT INTO `project_process_checklists` (`id`, `project_process_id`, `label`, `is_done`, `sort_order`, `created_at`, `updated_at`, `document_link`) VALUES (334, 166, 'ATD - SALES', 0, 3, '2026-06-05 03:24:42', '2026-06-05 03:24:42', NULL);
INSERT INTO `project_process_checklists` (`id`, `project_process_id`, `label`, `is_done`, `sort_order`, `created_at`, `updated_at`, `document_link`) VALUES (335, 166, 'DOC - SCHEDULE FIX', 0, 4, '2026-06-05 03:24:42', '2026-06-05 03:24:42', NULL);
INSERT INTO `project_process_checklists` (`id`, `project_process_id`, `label`, `is_done`, `sort_order`, `created_at`, `updated_at`, `document_link`) VALUES (336, 166, 'DOC - COMUNICATION CHANEL', 0, 5, '2026-06-05 03:24:42', '2026-06-05 03:24:42', NULL);
INSERT INTO `project_process_checklists` (`id`, `project_process_id`, `label`, `is_done`, `sort_order`, `created_at`, `updated_at`, `document_link`) VALUES (337, 166, 'DOC - VDRL', 0, 6, '2026-06-05 03:24:42', '2026-06-05 03:24:42', NULL);
INSERT INTO `project_process_checklists` (`id`, `project_process_id`, `label`, `is_done`, `sort_order`, `created_at`, `updated_at`, `document_link`) VALUES (338, 167, 'SUBMIT KEY DOC (GA-SLD-BOM)', 0, 1, '2026-06-05 03:24:42', '2026-06-05 03:24:42', NULL);
INSERT INTO `project_process_checklists` (`id`, `project_process_id`, `label`, `is_done`, `sort_order`, `created_at`, `updated_at`, `document_link`) VALUES (339, 167, 'KLARIFIKASI TEKNIS DENGAN VENDOR', 0, 2, '2026-06-05 03:24:42', '2026-06-05 03:24:42', NULL);
INSERT INTO `project_process_checklists` (`id`, `project_process_id`, `label`, `is_done`, `sort_order`, `created_at`, `updated_at`, `document_link`) VALUES (340, 167, 'PENENTUAN BRAND & TYPE', 0, 3, '2026-06-05 03:24:42', '2026-06-05 03:24:42', NULL);
INSERT INTO `project_process_checklists` (`id`, `project_process_id`, `label`, `is_done`, `sort_order`, `created_at`, `updated_at`, `document_link`) VALUES (341, 167, 'FINAL BOQ (LONG LEAD-MIDLE LEAD-SHORT LEAD)', 0, 4, '2026-06-05 03:24:42', '2026-06-05 03:24:42', NULL);
INSERT INTO `project_process_checklists` (`id`, `project_process_id`, `label`, `is_done`, `sort_order`, `created_at`, `updated_at`, `document_link`) VALUES (342, 167, 'ENG MECHANIC - MEMBUAT DWG SHEET METAL & PART LIST', 0, 5, '2026-06-05 03:24:42', '2026-06-05 03:24:42', NULL);
INSERT INTO `project_process_checklists` (`id`, `project_process_id`, `label`, `is_done`, `sort_order`, `created_at`, `updated_at`, `document_link`) VALUES (343, 168, 'SUBMIT DOCUMENT', 0, 1, '2026-06-05 03:24:42', '2026-06-05 03:24:42', NULL);
INSERT INTO `project_process_checklists` (`id`, `project_process_id`, `label`, `is_done`, `sort_order`, `created_at`, `updated_at`, `document_link`) VALUES (344, 168, 'MONITORING SUBMISION SCHEDULE', 0, 2, '2026-06-05 03:24:42', '2026-06-05 03:24:42', NULL);
INSERT INTO `project_process_checklists` (`id`, `project_process_id`, `label`, `is_done`, `sort_order`, `created_at`, `updated_at`, `document_link`) VALUES (345, 168, 'TARGET DOCUMENT CODE 1', 0, 3, '2026-06-05 03:24:42', '2026-06-05 03:24:42', NULL);
INSERT INTO `project_process_checklists` (`id`, `project_process_id`, `label`, `is_done`, `sort_order`, `created_at`, `updated_at`, `document_link`) VALUES (346, 168, 'DWG SHEET METAL', 0, 4, '2026-06-05 03:24:42', '2026-06-05 03:24:42', NULL);
INSERT INTO `project_process_checklists` (`id`, `project_process_id`, `label`, `is_done`, `sort_order`, `created_at`, `updated_at`, `document_link`) VALUES (347, 169, 'MENERIMA BOM FINAL', 0, 1, '2026-06-05 03:24:42', '2026-06-05 03:24:42', NULL);
INSERT INTO `project_process_checklists` (`id`, `project_process_id`, `label`, `is_done`, `sort_order`, `created_at`, `updated_at`, `document_link`) VALUES (348, 169, 'MEMBUAT FRM', 0, 2, '2026-06-05 03:24:42', '2026-06-05 03:24:42', NULL);
INSERT INTO `project_process_checklists` (`id`, `project_process_id`, `label`, `is_done`, `sort_order`, `created_at`, `updated_at`, `document_link`) VALUES (349, 169, 'MENERIMA DWG (GA-SLD-SCHEMATIC)', 0, 3, '2026-06-05 03:24:42', '2026-06-05 03:24:42', NULL);
INSERT INTO `project_process_checklists` (`id`, `project_process_id`, `label`, `is_done`, `sort_order`, `created_at`, `updated_at`, `document_link`) VALUES (350, 169, 'MENERIMA DWG (SHEET METAL & PARTLIST)', 0, 4, '2026-06-05 03:24:42', '2026-06-05 03:24:42', NULL);
INSERT INTO `project_process_checklists` (`id`, `project_process_id`, `label`, `is_done`, `sort_order`, `created_at`, `updated_at`, `document_link`) VALUES (351, 170, 'APPROVAL FRM BINA', 0, 1, '2026-06-05 03:24:42', '2026-06-05 03:24:42', NULL);
INSERT INTO `project_process_checklists` (`id`, `project_process_id`, `label`, `is_done`, `sort_order`, `created_at`, `updated_at`, `document_link`) VALUES (352, 170, 'MITIGASI', 0, 2, '2026-06-05 03:24:42', '2026-06-05 03:24:42', NULL);
INSERT INTO `project_process_checklists` (`id`, `project_process_id`, `label`, `is_done`, `sort_order`, `created_at`, `updated_at`, `document_link`) VALUES (353, 171, 'MEMBUAT PO', 0, 1, '2026-06-05 03:24:42', '2026-06-05 03:24:42', NULL);
INSERT INTO `project_process_checklists` (`id`, `project_process_id`, `label`, `is_done`, `sort_order`, `created_at`, `updated_at`, `document_link`) VALUES (354, 171, 'MONITORING FABRIKASI & DELIVERY (EXIM)', 0, 2, '2026-06-05 03:24:42', '2026-06-05 03:24:42', NULL);
INSERT INTO `project_process_checklists` (`id`, `project_process_id`, `label`, `is_done`, `sort_order`, `created_at`, `updated_at`, `document_link`) VALUES (355, 171, 'SHIPMENT MATERIAL', 0, 3, '2026-06-05 03:24:42', '2026-06-05 03:24:42', NULL);
INSERT INTO `project_process_checklists` (`id`, `project_process_id`, `label`, `is_done`, `sort_order`, `created_at`, `updated_at`, `document_link`) VALUES (356, 172, 'SHEET METAL PROSES', 0, 1, '2026-06-05 03:24:42', '2026-06-05 03:24:42', NULL);
INSERT INTO `project_process_checklists` (`id`, `project_process_id`, `label`, `is_done`, `sort_order`, `created_at`, `updated_at`, `document_link`) VALUES (357, 172, 'PAINTSHOP PROSES', 0, 2, '2026-06-05 03:24:42', '2026-06-05 03:24:42', NULL);
INSERT INTO `project_process_checklists` (`id`, `project_process_id`, `label`, `is_done`, `sort_order`, `created_at`, `updated_at`, `document_link`) VALUES (358, 173, 'MEKANIK', 0, 1, '2026-06-05 03:24:42', '2026-06-05 03:24:42', NULL);
INSERT INTO `project_process_checklists` (`id`, `project_process_id`, `label`, `is_done`, `sort_order`, `created_at`, `updated_at`, `document_link`) VALUES (359, 173, 'WIRING', 0, 2, '2026-06-05 03:24:42', '2026-06-05 03:24:42', NULL);
INSERT INTO `project_process_checklists` (`id`, `project_process_id`, `label`, `is_done`, `sort_order`, `created_at`, `updated_at`, `document_link`) VALUES (360, 173, 'BUSBAR', 0, 3, '2026-06-05 03:24:42', '2026-06-05 03:24:42', NULL);
INSERT INTO `project_process_checklists` (`id`, `project_process_id`, `label`, `is_done`, `sort_order`, `created_at`, `updated_at`, `document_link`) VALUES (361, 174, 'ROUTINE TEST', 0, 1, '2026-06-05 03:24:42', '2026-06-05 03:24:42', NULL);
INSERT INTO `project_process_checklists` (`id`, `project_process_id`, `label`, `is_done`, `sort_order`, `created_at`, `updated_at`, `document_link`) VALUES (362, 174, 'FAT', 0, 2, '2026-06-05 03:24:42', '2026-06-05 03:24:42', NULL);
INSERT INTO `project_process_checklists` (`id`, `project_process_id`, `label`, `is_done`, `sort_order`, `created_at`, `updated_at`, `document_link`) VALUES (363, 174, 'CLOSING PUNCH LIST', 0, 3, '2026-06-05 03:24:42', '2026-06-05 03:24:42', NULL);
INSERT INTO `project_process_checklists` (`id`, `project_process_id`, `label`, `is_done`, `sort_order`, `created_at`, `updated_at`, `document_link`) VALUES (364, 175, 'PROSES PACKING', 0, 1, '2026-06-05 03:24:42', '2026-06-05 03:24:42', NULL);
INSERT INTO `project_process_checklists` (`id`, `project_process_id`, `label`, `is_done`, `sort_order`, `created_at`, `updated_at`, `document_link`) VALUES (365, 175, 'READY PICK UP', 0, 2, '2026-06-05 03:24:42', '2026-06-05 03:24:42', NULL);
INSERT INTO `project_process_checklists` (`id`, `project_process_id`, `label`, `is_done`, `sort_order`, `created_at`, `updated_at`, `document_link`) VALUES (366, 176, 'MEMBUAT FRM', 0, 1, '2026-06-05 03:24:42', '2026-06-05 03:24:42', NULL);
INSERT INTO `project_process_checklists` (`id`, `project_process_id`, `label`, `is_done`, `sort_order`, `created_at`, `updated_at`, `document_link`) VALUES (367, 176, 'CHEK BUDGET', 0, 2, '2026-06-05 03:24:42', '2026-06-05 03:24:42', NULL);
INSERT INTO `project_process_checklists` (`id`, `project_process_id`, `label`, `is_done`, `sort_order`, `created_at`, `updated_at`, `document_link`) VALUES (368, 176, 'MITIGASI', 0, 3, '2026-06-05 03:24:42', '2026-06-05 03:24:42', NULL);
INSERT INTO `project_process_checklists` (`id`, `project_process_id`, `label`, `is_done`, `sort_order`, `created_at`, `updated_at`, `document_link`) VALUES (369, 177, 'MEMINTA PENAWARAN KE SUPPLIER', 0, 1, '2026-06-05 03:24:42', '2026-06-05 03:24:42', NULL);
INSERT INTO `project_process_checklists` (`id`, `project_process_id`, `label`, `is_done`, `sort_order`, `created_at`, `updated_at`, `document_link`) VALUES (370, 177, 'MEMBUAT COMPARATION HARGA', 0, 2, '2026-06-05 03:24:42', '2026-06-05 03:24:42', NULL);
INSERT INTO `project_process_checklists` (`id`, `project_process_id`, `label`, `is_done`, `sort_order`, `created_at`, `updated_at`, `document_link`) VALUES (371, 177, 'MEMBUAT PO', 0, 3, '2026-06-05 03:24:42', '2026-06-05 03:24:42', NULL);
INSERT INTO `project_process_checklists` (`id`, `project_process_id`, `label`, `is_done`, `sort_order`, `created_at`, `updated_at`, `document_link`) VALUES (372, 178, 'MENERIMA SOW & RFQ DARI PURCH BERKAH', 0, 1, '2026-06-05 03:24:42', '2026-06-05 03:24:42', NULL);
INSERT INTO `project_process_checklists` (`id`, `project_process_id`, `label`, `is_done`, `sort_order`, `created_at`, `updated_at`, `document_link`) VALUES (373, 178, 'MENERIMA REF PENAWARAN HARGA TENDER DR SUPPLIER', 0, 2, '2026-06-05 03:24:42', '2026-06-05 03:24:42', NULL);
INSERT INTO `project_process_checklists` (`id`, `project_process_id`, `label`, `is_done`, `sort_order`, `created_at`, `updated_at`, `document_link`) VALUES (374, 178, 'MEMBUAT PENAWARAN', 0, 3, '2026-06-05 03:24:42', '2026-06-05 03:24:42', NULL);
INSERT INTO `project_process_checklists` (`id`, `project_process_id`, `label`, `is_done`, `sort_order`, `created_at`, `updated_at`, `document_link`) VALUES (375, 178, 'MENERIMA PO BERKAH', 0, 4, '2026-06-05 03:24:42', '2026-06-05 03:24:42', NULL);
INSERT INTO `project_process_checklists` (`id`, `project_process_id`, `label`, `is_done`, `sort_order`, `created_at`, `updated_at`, `document_link`) VALUES (376, 179, 'BINA PROSES PO', 0, 1, '2026-06-05 03:24:42', '2026-06-05 03:24:42', NULL);
INSERT INTO `project_process_checklists` (`id`, `project_process_id`, `label`, `is_done`, `sort_order`, `created_at`, `updated_at`, `document_link`) VALUES (377, 180, 'MENGUNDANG VENDOR KLARIFIKASI TEKNIS', 0, 1, '2026-06-05 03:24:42', '2026-06-05 03:24:42', NULL);
INSERT INTO `project_process_checklists` (`id`, `project_process_id`, `label`, `is_done`, `sort_order`, `created_at`, `updated_at`, `document_link`) VALUES (378, 180, 'NEGOSIASI HARGA & DELIVERT TIME', 0, 2, '2026-06-05 03:24:42', '2026-06-05 03:24:42', NULL);

-- project_process_comments: no rows

-- project_process_histories: no rows

SET FOREIGN_KEY_CHECKS=1;